BSD Zero Clause License,0BSD,NON-FSF Libre,NON-OSI Approved,,Complete license text is available at https://spdx.org/licenses/0BSD.html#licenseText
Attribution Assurance License,AAL,NON-FSF Libre,OSI Approved,,Complete license text is available at https://spdx.org/licenses/AAL.html#licenseText
Abstyles License,Abstyles,NON-FSF Libre,NON-OSI Approved,,Complete license text is available at https://spdx.org/licenses/Abstyles.html#licenseText
Adobe Systems Incorporated Source Code License Agreement,Adobe-2006,NON-FSF Libre,NON-OSI Approved,,Complete license text is available at https://spdx.org/licenses/Adobe-2006.html#licenseText
Adobe Glyph List License,Adobe-Glyph,NON-FSF Libre,NON-OSI Approved,,Complete license text is available at https://spdx.org/licenses/Adobe-Glyph.html#licenseText
Amazon Digital Services License,ADSL,NON-FSF Libre,NON-OSI Approved,,Complete license text is available at https://spdx.org/licenses/ADSL.html#licenseText
Academic Free License v1.1,AFL-1.1,FSF Libre,OSI Approved,,Complete license text is available at https://spdx.org/licenses/AFL-1.1.html#licenseText
Academic Free License v1.2,AFL-1.2,FSF Libre,OSI Approved,,Complete license text is available at https://spdx.org/licenses/AFL-1.2.html#licenseText
Academic Free License v2.0,AFL-2.0,FSF Libre,OSI Approved,,Complete license text is available at https://spdx.org/licenses/AFL-2.0.html#licenseText
Academic Free License v2.1,AFL-2.1,FSF Libre,OSI Approved,,Complete license text is available at https://spdx.org/licenses/AFL-2.1.html#licenseText
Academic Free License v3.0,AFL-3.0,FSF Libre,OSI Approved,,Complete license text is available at https://spdx.org/licenses/AFL-3.0.html#licenseText
Afmparse License,Afmparse,NON-FSF Libre,NON-OSI Approved,,Complete license text is available at https://spdx.org/licenses/Afmparse.html#licenseText
Affero General Public License v1.0 only,AGPL-1.0-only,NON-FSF Libre,NON-OSI Approved,,Complete license text is available at https://spdx.org/licenses/AGPL-1.0-only.html#licenseText
Affero General Public License v1.0 or later,AGPL-1.0-or-later,NON-FSF Libre,NON-OSI Approved,,Complete license text is available at https://spdx.org/licenses/AGPL-1.0-or-later.html#licenseText
GNU Affero General Public License v3.0 only,AGPL-3.0-only,FSF Libre,OSI Approved,,Complete license text is available at https://spdx.org/licenses/AGPL-3.0-only.html#licenseText
GNU Affero General Public License v3.0 or later,AGPL-3.0-or-later,FSF Libre,OSI Approved,,Complete license text is available at https://spdx.org/licenses/AGPL-3.0-or-later.html#licenseText
Aladdin Free Public License,Aladdin,NON-FSF Libre,NON-OSI Approved,,Complete license text is available at https://spdx.org/licenses/Aladdin.html#licenseText
AMD's plpa_map.c License,AMDPLPA,NON-FSF Libre,NON-OSI Approved,,Complete license text is available at https://spdx.org/licenses/AMDPLPA.html#licenseText
Apple MIT License,AML,NON-FSF Libre,NON-OSI Approved,,Complete license text is available at https://spdx.org/licenses/AML.html#licenseText
Academy of Motion Picture Arts and Sciences BSD,AMPAS,NON-FSF Libre,NON-OSI Approved,,Complete license text is available at https://spdx.org/licenses/AMPAS.html#licenseText
ANTLR Software Rights Notice,ANTLR-PD,NON-FSF Libre,NON-OSI Approved,,Complete license text is available at https://spdx.org/licenses/ANTLR-PD.html#licenseText
Apache License 1.0,Apache-1.0,FSF Libre,NON-OSI Approved,,Complete license text is available at https://spdx.org/licenses/Apache-1.0.html#licenseText
Apache License 1.1,Apache-1.1,FSF Libre,OSI Approved,,Complete license text is available at https://spdx.org/licenses/Apache-1.1.html#licenseText
Apache License 2.0,Apache-2.0,FSF Libre,OSI Approved,,Complete license text is available at https://spdx.org/licenses/Apache-2.0.html#licenseText
Adobe Postscript AFM License,APAFML,NON-FSF Libre,NON-OSI Approved,,Complete license text is available at https://spdx.org/licenses/APAFML.html#licenseText
Adaptive Public License 1.0,APL-1.0,NON-FSF Libre,OSI Approved,,Complete license text is available at https://spdx.org/licenses/APL-1.0.html#licenseText
Apple Public Source License 1.0,APSL-1.0,NON-FSF Libre,OSI Approved,,Complete license text is available at https://spdx.org/licenses/APSL-1.0.html#licenseText
Apple Public Source License 1.1,APSL-1.1,NON-FSF Libre,OSI Approved,,Complete license text is available at https://spdx.org/licenses/APSL-1.1.html#licenseText
Apple Public Source License 1.2,APSL-1.2,NON-FSF Libre,OSI Approved,,Complete license text is available at https://spdx.org/licenses/APSL-1.2.html#licenseText
Apple Public Source License 2.0,APSL-2.0,FSF Libre,OSI Approved,,Complete license text is available at https://spdx.org/licenses/APSL-2.0.html#licenseText
Artistic License 1.0 w/clause 8,Artistic-1.0-cl8,NON-FSF Libre,OSI Approved,,Complete license text is available at https://spdx.org/licenses/Artistic-1.0-cl8.html#licenseText
Artistic License 1.0 (Perl),Artistic-1.0-Perl,NON-FSF Libre,OSI Approved,,Complete license text is available at https://spdx.org/licenses/Artistic-1.0-Perl.html#licenseText
Artistic License 1.0,Artistic-1.0,NON-FSF Libre,OSI Approved,,Complete license text is available at https://spdx.org/licenses/Artistic-1.0.html#licenseText
Artistic License 2.0,Artistic-2.0,FSF Libre,OSI Approved,,Complete license text is available at https://spdx.org/licenses/Artistic-2.0.html#licenseText
Bahyph License,Bahyph,NON-FSF Libre,NON-OSI Approved,,Complete license text is available at https://spdx.org/licenses/Bahyph.html#licenseText
Barr License,Barr,NON-FSF Libre,NON-OSI Approved,,Complete license text is available at https://spdx.org/licenses/Barr.html#licenseText
Beerware License,Beerware,NON-FSF Libre,NON-OSI Approved,,Complete license text is available at https://spdx.org/licenses/Beerware.html#licenseText
BitTorrent Open Source License v1.0,BitTorrent-1.0,NON-FSF Libre,NON-OSI Approved,,Complete license text is available at https://spdx.org/licenses/BitTorrent-1.0.html#licenseText
BitTorrent Open Source License v1.1,BitTorrent-1.1,FSF Libre,NON-OSI Approved,,Complete license text is available at https://spdx.org/licenses/BitTorrent-1.1.html#licenseText
Borceux license,Borceux,NON-FSF Libre,NON-OSI Approved,,Complete license text is available at https://spdx.org/licenses/Borceux.html#licenseText
BSD 1-Clause License,BSD-1-Clause,NON-FSF Libre,NON-OSI Approved,,Complete license text is available at https://spdx.org/licenses/BSD-1-Clause.html#licenseText
BSD 2-Clause FreeBSD License,BSD-2-Clause-FreeBSD,FSF Libre,NON-OSI Approved,,Complete license text is available at https://spdx.org/licenses/BSD-2-Clause-FreeBSD.html#licenseText
BSD 2-Clause NetBSD License,BSD-2-Clause-NetBSD,NON-FSF Libre,NON-OSI Approved,,Complete license text is available at https://spdx.org/licenses/BSD-2-Clause-NetBSD.html#licenseText
BSD-2-Clause Plus Patent License,BSD-2-Clause-Patent,NON-FSF Libre,OSI Approved,,Complete license text is available at https://spdx.org/licenses/BSD-2-Clause-Patent.html#licenseText
BSD 2-Clause "Simplified" License,BSD-2-Clause,NON-FSF Libre,OSI Approved,,Complete license text is available at https://spdx.org/licenses/BSD-2-Clause.html#licenseText
BSD with attribution,BSD-3-Clause-Attribution,NON-FSF Libre,NON-OSI Approved,,Complete license text is available at https://spdx.org/licenses/BSD-3-Clause-Attribution.html#licenseText
BSD 3-Clause Clear License,BSD-3-Clause-Clear,FSF Libre,NON-OSI Approved,,Complete license text is available at https://spdx.org/licenses/BSD-3-Clause-Clear.html#licenseText
Lawrence Berkeley National Labs BSD variant license,BSD-3-Clause-LBNL,NON-FSF Libre,NON-OSI Approved,,Complete license text is available at https://spdx.org/licenses/BSD-3-Clause-LBNL.html#licenseText
BSD 3-Clause No Nuclear License 2014,BSD-3-Clause-No-Nuclear-License-2014,NON-FSF Libre,NON-OSI Approved,,Complete license text is available at https://spdx.org/licenses/BSD-3-Clause-No-Nuclear-License-2014.html#licenseText
BSD 3-Clause No Nuclear License,BSD-3-Clause-No-Nuclear-License,NON-FSF Libre,NON-OSI Approved,,Complete license text is available at https://spdx.org/licenses/BSD-3-Clause-No-Nuclear-License.html#licenseText
BSD 3-Clause No Nuclear Warranty,BSD-3-Clause-No-Nuclear-Warranty,NON-FSF Libre,NON-OSI Approved,,Complete license text is available at https://spdx.org/licenses/BSD-3-Clause-No-Nuclear-Warranty.html#licenseText
BSD 3-Clause "New" or "Revised" License,BSD-3-Clause,FSF Libre,OSI Approved,,Complete license text is available at https://spdx.org/licenses/BSD-3-Clause.html#licenseText
BSD-4-Clause (University of California-Specific),BSD-4-Clause-UC,NON-FSF Libre,NON-OSI Approved,,Complete license text is available at https://spdx.org/licenses/BSD-4-Clause-UC.html#licenseText
BSD 4-Clause "Original" or "Old" License,BSD-4-Clause,FSF Libre,NON-OSI Approved,,Complete license text is available at https://spdx.org/licenses/BSD-4-Clause.html#licenseText
BSD Protection License,BSD-Protection,NON-FSF Libre,NON-OSI Approved,,Complete license text is available at https://spdx.org/licenses/BSD-Protection.html#licenseText
BSD Source Code Attribution,BSD-Source-Code,NON-FSF Libre,NON-OSI Approved,,Complete license text is available at https://spdx.org/licenses/BSD-Source-Code.html#licenseText
Boost Software License 1.0,BSL-1.0,FSF Libre,OSI Approved,,Complete license text is available at https://spdx.org/licenses/BSL-1.0.html#licenseText
bzip2 and libbzip2 License v1.0.5,bzip2-1.0.5,NON-FSF Libre,NON-OSI Approved,,Complete license text is available at https://spdx.org/licenses/bzip2-1.0.5.html#licenseText
bzip2 and libbzip2 License v1.0.6,bzip2-1.0.6,NON-FSF Libre,NON-OSI Approved,,Complete license text is available at https://spdx.org/licenses/bzip2-1.0.6.html#licenseText
Caldera License,Caldera,NON-FSF Libre,NON-OSI Approved,,Complete license text is available at https://spdx.org/licenses/Caldera.html#licenseText
Computer Associates Trusted Open Source License 1.1,CATOSL-1.1,NON-FSF Libre,OSI Approved,,Complete license text is available at https://spdx.org/licenses/CATOSL-1.1.html#licenseText
Creative Commons Attribution 1.0 Generic,CC-BY-1.0,NON-FSF Libre,NON-OSI Approved,,Complete license text is available at https://spdx.org/licenses/CC-BY-1.0.html#licenseText
Creative Commons Attribution 2.0 Generic,CC-BY-2.0,NON-FSF Libre,NON-OSI Approved,,Complete license text is available at https://spdx.org/licenses/CC-BY-2.0.html#licenseText
Creative Commons Attribution 2.5 Generic,CC-BY-2.5,NON-FSF Libre,NON-OSI Approved,,Complete license text is available at https://spdx.org/licenses/CC-BY-2.5.html#licenseText
Creative Commons Attribution 3.0 Unported,CC-BY-3.0,NON-FSF Libre,NON-OSI Approved,,Complete license text is available at https://spdx.org/licenses/CC-BY-3.0.html#licenseText
Creative Commons Attribution 4.0 International,CC-BY-4.0,FSF Libre,NON-OSI Approved,,Complete license text is available at https://spdx.org/licenses/CC-BY-4.0.html#licenseText
Creative Commons Attribution Non Commercial 1.0 Generic,CC-BY-NC-1.0,NON-FSF Libre,NON-OSI Approved,,Complete license text is available at https://spdx.org/licenses/CC-BY-NC-1.0.html#licenseText
Creative Commons Attribution Non Commercial 2.0 Generic,CC-BY-NC-2.0,NON-FSF Libre,NON-OSI Approved,,Complete license text is available at https://spdx.org/licenses/CC-BY-NC-2.0.html#licenseText
Creative Commons Attribution Non Commercial 2.5 Generic,CC-BY-NC-2.5,NON-FSF Libre,NON-OSI Approved,,Complete license text is available at https://spdx.org/licenses/CC-BY-NC-2.5.html#licenseText
Creative Commons Attribution Non Commercial 3.0 Unported,CC-BY-NC-3.0,NON-FSF Libre,NON-OSI Approved,,Complete license text is available at https://spdx.org/licenses/CC-BY-NC-3.0.html#licenseText
Creative Commons Attribution Non Commercial 4.0 International,CC-BY-NC-4.0,NON-FSF Libre,NON-OSI Approved,,Complete license text is available at https://spdx.org/licenses/CC-BY-NC-4.0.html#licenseText
Creative Commons Attribution Non Commercial No Derivatives 1.0 Generic,CC-BY-NC-ND-1.0,NON-FSF Libre,NON-OSI Approved,,Complete license text is available at https://spdx.org/licenses/CC-BY-NC-ND-1.0.html#licenseText
Creative Commons Attribution Non Commercial No Derivatives 2.0 Generic,CC-BY-NC-ND-2.0,NON-FSF Libre,NON-OSI Approved,,Complete license text is available at https://spdx.org/licenses/CC-BY-NC-ND-2.0.html#licenseText
Creative Commons Attribution Non Commercial No Derivatives 2.5 Generic,CC-BY-NC-ND-2.5,NON-FSF Libre,NON-OSI Approved,,Complete license text is available at https://spdx.org/licenses/CC-BY-NC-ND-2.5.html#licenseText
Creative Commons Attribution Non Commercial No Derivatives 3.0 Unported,CC-BY-NC-ND-3.0,NON-FSF Libre,NON-OSI Approved,,Complete license text is available at https://spdx.org/licenses/CC-BY-NC-ND-3.0.html#licenseText
Creative Commons Attribution Non Commercial No Derivatives 4.0 International,CC-BY-NC-ND-4.0,NON-FSF Libre,NON-OSI Approved,,Complete license text is available at https://spdx.org/licenses/CC-BY-NC-ND-4.0.html#licenseText
Creative Commons Attribution Non Commercial Share Alike 1.0 Generic,CC-BY-NC-SA-1.0,NON-FSF Libre,NON-OSI Approved,,Complete license text is available at https://spdx.org/licenses/CC-BY-NC-SA-1.0.html#licenseText
Creative Commons Attribution Non Commercial Share Alike 2.0 Generic,CC-BY-NC-SA-2.0,NON-FSF Libre,NON-OSI Approved,,Complete license text is available at https://spdx.org/licenses/CC-BY-NC-SA-2.0.html#licenseText
Creative Commons Attribution Non Commercial Share Alike 2.5 Generic,CC-BY-NC-SA-2.5,NON-FSF Libre,NON-OSI Approved,,Complete license text is available at https://spdx.org/licenses/CC-BY-NC-SA-2.5.html#licenseText
Creative Commons Attribution Non Commercial Share Alike 3.0 Unported,CC-BY-NC-SA-3.0,NON-FSF Libre,NON-OSI Approved,,Complete license text is available at https://spdx.org/licenses/CC-BY-NC-SA-3.0.html#licenseText
Creative Commons Attribution Non Commercial Share Alike 4.0 International,CC-BY-NC-SA-4.0,NON-FSF Libre,NON-OSI Approved,,Complete license text is available at https://spdx.org/licenses/CC-BY-NC-SA-4.0.html#licenseText
Creative Commons Attribution No Derivatives 1.0 Generic,CC-BY-ND-1.0,NON-FSF Libre,NON-OSI Approved,,Complete license text is available at https://spdx.org/licenses/CC-BY-ND-1.0.html#licenseText
Creative Commons Attribution No Derivatives 2.0 Generic,CC-BY-ND-2.0,NON-FSF Libre,NON-OSI Approved,,Complete license text is available at https://spdx.org/licenses/CC-BY-ND-2.0.html#licenseText
Creative Commons Attribution No Derivatives 2.5 Generic,CC-BY-ND-2.5,NON-FSF Libre,NON-OSI Approved,,Complete license text is available at https://spdx.org/licenses/CC-BY-ND-2.5.html#licenseText
Creative Commons Attribution No Derivatives 3.0 Unported,CC-BY-ND-3.0,NON-FSF Libre,NON-OSI Approved,,Complete license text is available at https://spdx.org/licenses/CC-BY-ND-3.0.html#licenseText
Creative Commons Attribution No Derivatives 4.0 International,CC-BY-ND-4.0,NON-FSF Libre,NON-OSI Approved,,Complete license text is available at https://spdx.org/licenses/CC-BY-ND-4.0.html#licenseText
Creative Commons Attribution Share Alike 1.0 Generic,CC-BY-SA-1.0,NON-FSF Libre,NON-OSI Approved,,Complete license text is available at https://spdx.org/licenses/CC-BY-SA-1.0.html#licenseText
Creative Commons Attribution Share Alike 2.0 Generic,CC-BY-SA-2.0,NON-FSF Libre,NON-OSI Approved,,Complete license text is available at https://spdx.org/licenses/CC-BY-SA-2.0.html#licenseText
Creative Commons Attribution Share Alike 2.5 Generic,CC-BY-SA-2.5,NON-FSF Libre,NON-OSI Approved,,Complete license text is available at https://spdx.org/licenses/CC-BY-SA-2.5.html#licenseText
Creative Commons Attribution Share Alike 3.0 Unported,CC-BY-SA-3.0,NON-FSF Libre,NON-OSI Approved,,Complete license text is available at https://spdx.org/licenses/CC-BY-SA-3.0.html#licenseText
Creative Commons Attribution Share Alike 4.0 International,CC-BY-SA-4.0,FSF Libre,NON-OSI Approved,,Complete license text is available at https://spdx.org/licenses/CC-BY-SA-4.0.html#licenseText
Creative Commons Zero v1.0 Universal,CC0-1.0,FSF Libre,NON-OSI Approved,,Complete license text is available at https://spdx.org/licenses/CC0-1.0.html#licenseText
Common Development and Distribution License 1.0,CDDL-1.0,FSF Libre,OSI Approved,,Complete license text is available at https://spdx.org/licenses/CDDL-1.0.html#licenseText
Common Development and Distribution License 1.1,CDDL-1.1,NON-FSF Libre,NON-OSI Approved,,Complete license text is available at https://spdx.org/licenses/CDDL-1.1.html#licenseText
Community Data License Agreement Permissive 1.0,CDLA-Permissive-1.0,NON-FSF Libre,NON-OSI Approved,,Complete license text is available at https://spdx.org/licenses/CDLA-Permissive-1.0.html#licenseText
Community Data License Agreement Sharing 1.0,CDLA-Sharing-1.0,NON-FSF Libre,NON-OSI Approved,,Complete license text is available at https://spdx.org/licenses/CDLA-Sharing-1.0.html#licenseText
CeCILL Free Software License Agreement v1.0,CECILL-1.0,NON-FSF Libre,NON-OSI Approved,,Complete license text is available at https://spdx.org/licenses/CECILL-1.0.html#licenseText
CeCILL Free Software License Agreement v1.1,CECILL-1.1,NON-FSF Libre,NON-OSI Approved,,Complete license text is available at https://spdx.org/licenses/CECILL-1.1.html#licenseText
CeCILL Free Software License Agreement v2.0,CECILL-2.0,FSF Libre,NON-OSI Approved,,Complete license text is available at https://spdx.org/licenses/CECILL-2.0.html#licenseText
CeCILL Free Software License Agreement v2.1,CECILL-2.1,NON-FSF Libre,OSI Approved,,Complete license text is available at https://spdx.org/licenses/CECILL-2.1.html#licenseText
CeCILL-B Free Software License Agreement,CECILL-B,FSF Libre,NON-OSI Approved,,Complete license text is available at https://spdx.org/licenses/CECILL-B.html#licenseText
CeCILL-C Free Software License Agreement,CECILL-C,FSF Libre,NON-OSI Approved,,Complete license text is available at https://spdx.org/licenses/CECILL-C.html#licenseText
Clarified Artistic License,ClArtistic,FSF Libre,NON-OSI Approved,,Complete license text is available at https://spdx.org/licenses/ClArtistic.html#licenseText
CNRI Jython License,CNRI-Jython,NON-FSF Libre,NON-OSI Approved,,Complete license text is available at https://spdx.org/licenses/CNRI-Jython.html#licenseText
CNRI Python Open Source GPL Compatible License Agreement,CNRI-Python-GPL-Compatible,NON-FSF Libre,NON-OSI Approved,,Complete license text is available at https://spdx.org/licenses/CNRI-Python-GPL-Compatible.html#licenseText
CNRI Python License,CNRI-Python,NON-FSF Libre,OSI Approved,,Complete license text is available at https://spdx.org/licenses/CNRI-Python.html#licenseText
Condor Public License v1.1,Condor-1.1,FSF Libre,NON-OSI Approved,,Complete license text is available at https://spdx.org/licenses/Condor-1.1.html#licenseText
Common Public Attribution License 1.0,CPAL-1.0,FSF Libre,OSI Approved,,Complete license text is available at https://spdx.org/licenses/CPAL-1.0.html#licenseText
Common Public License 1.0,CPL-1.0,FSF Libre,OSI Approved,,Complete license text is available at https://spdx.org/licenses/CPL-1.0.html#licenseText
Code Project Open License 1.02,CPOL-1.02,NON-FSF Libre,NON-OSI Approved,,Complete license text is available at https://spdx.org/licenses/CPOL-1.02.html#licenseText
Crossword License,Crossword,NON-FSF Libre,NON-OSI Approved,,Complete license text is available at https://spdx.org/licenses/Crossword.html#licenseText
CrystalStacker License,CrystalStacker,NON-FSF Libre,NON-OSI Approved,,Complete license text is available at https://spdx.org/licenses/CrystalStacker.html#licenseText
CUA Office Public License v1.0,CUA-OPL-1.0,NON-FSF Libre,OSI Approved,,Complete license text is available at https://spdx.org/licenses/CUA-OPL-1.0.html#licenseText
Cube License,Cube,NON-FSF Libre,NON-OSI Approved,,Complete license text is available at https://spdx.org/licenses/Cube.html#licenseText
curl License,curl,NON-FSF Libre,NON-OSI Approved,,Complete license text is available at https://spdx.org/licenses/curl.html#licenseText
Deutsche Freie Software Lizenz,D-FSL-1.0,NON-FSF Libre,NON-OSI Approved,,Complete license text is available at https://spdx.org/licenses/D-FSL-1.0.html#licenseText
diffmark license,diffmark,NON-FSF Libre,NON-OSI Approved,,Complete license text is available at https://spdx.org/licenses/diffmark.html#licenseText
DOC License,DOC,NON-FSF Libre,NON-OSI Approved,,Complete license text is available at https://spdx.org/licenses/DOC.html#licenseText
Dotseqn License,Dotseqn,NON-FSF Libre,NON-OSI Approved,,Complete license text is available at https://spdx.org/licenses/Dotseqn.html#licenseText
DSDP License,DSDP,NON-FSF Libre,NON-OSI Approved,,Complete license text is available at https://spdx.org/licenses/DSDP.html#licenseText
dvipdfm License,dvipdfm,NON-FSF Libre,NON-OSI Approved,,Complete license text is available at https://spdx.org/licenses/dvipdfm.html#licenseText
Educational Community License v1.0,ECL-1.0,NON-FSF Libre,OSI Approved,,Complete license text is available at https://spdx.org/licenses/ECL-1.0.html#licenseText
Educational Community License v2.0,ECL-2.0,FSF Libre,OSI Approved,,Complete license text is available at https://spdx.org/licenses/ECL-2.0.html#licenseText
Eiffel Forum License v1.0,EFL-1.0,NON-FSF Libre,OSI Approved,,Complete license text is available at https://spdx.org/licenses/EFL-1.0.html#licenseText
Eiffel Forum License v2.0,EFL-2.0,FSF Libre,OSI Approved,,Complete license text is available at https://spdx.org/licenses/EFL-2.0.html#licenseText
eGenix.com Public License 1.1.0,eGenix,NON-FSF Libre,NON-OSI Approved,,Complete license text is available at https://spdx.org/licenses/eGenix.html#licenseText
Entessa Public License v1.0,Entessa,NON-FSF Libre,OSI Approved,,Complete license text is available at https://spdx.org/licenses/Entessa.html#licenseText
Eclipse Public License 1.0,EPL-1.0,FSF Libre,OSI Approved,,Complete license text is available at https://spdx.org/licenses/EPL-1.0.html#licenseText
Eclipse Public License 2.0,EPL-2.0,FSF Libre,OSI Approved,,Complete license text is available at https://spdx.org/licenses/EPL-2.0.html#licenseText
Erlang Public License v1.1,ErlPL-1.1,NON-FSF Libre,NON-OSI Approved,,Complete license text is available at https://spdx.org/licenses/ErlPL-1.1.html#licenseText
EU DataGrid Software License,EUDatagrid,FSF Libre,OSI Approved,,Complete license text is available at https://spdx.org/licenses/EUDatagrid.html#licenseText
European Union Public License 1.0,EUPL-1.0,NON-FSF Libre,NON-OSI Approved,,Complete license text is available at https://spdx.org/licenses/EUPL-1.0.html#licenseText
European Union Public License 1.1,EUPL-1.1,FSF Libre,OSI Approved,,Complete license text is available at https://spdx.org/licenses/EUPL-1.1.html#licenseText
European Union Public License 1.2,EUPL-1.2,NON-FSF Libre,OSI Approved,,Complete license text is available at https://spdx.org/licenses/EUPL-1.2.html#licenseText
Eurosym License,Eurosym,NON-FSF Libre,NON-OSI Approved,,Complete license text is available at https://spdx.org/licenses/Eurosym.html#licenseText
Fair License,Fair,NON-FSF Libre,OSI Approved,,Complete license text is available at https://spdx.org/licenses/Fair.html#licenseText
Frameworx Open License 1.0,Frameworx-1.0,NON-FSF Libre,OSI Approved,,Complete license text is available at https://spdx.org/licenses/Frameworx-1.0.html#licenseText
FreeImage Public License v1.0,FreeImage,NON-FSF Libre,NON-OSI Approved,,Complete license text is available at https://spdx.org/licenses/FreeImage.html#licenseText
FSF All Permissive License,FSFAP,FSF Libre,NON-OSI Approved,,Complete license text is available at https://spdx.org/licenses/FSFAP.html#licenseText
FSF Unlimited License,FSFUL,NON-FSF Libre,NON-OSI Approved,,Complete license text is available at https://spdx.org/licenses/FSFUL.html#licenseText
FSF Unlimited License (with License Retention),FSFULLR,NON-FSF Libre,NON-OSI Approved,,Complete license text is available at https://spdx.org/licenses/FSFULLR.html#licenseText
Freetype Project License,FTL,FSF Libre,NON-OSI Approved,,Complete license text is available at https://spdx.org/licenses/FTL.html#licenseText
GNU Free Documentation License v1.1 only,GFDL-1.1-only,FSF Libre,NON-OSI Approved,,Complete license text is available at https://spdx.org/licenses/GFDL-1.1-only.html#licenseText
GNU Free Documentation License v1.1 or later,GFDL-1.1-or-later,FSF Libre,NON-OSI Approved,,Complete license text is available at https://spdx.org/licenses/GFDL-1.1-or-later.html#licenseText
GNU Free Documentation License v1.2 only,GFDL-1.2-only,FSF Libre,NON-OSI Approved,,Complete license text is available at https://spdx.org/licenses/GFDL-1.2-only.html#licenseText
GNU Free Documentation License v1.2 or later,GFDL-1.2-or-later,FSF Libre,NON-OSI Approved,,Complete license text is available at https://spdx.org/licenses/GFDL-1.2-or-later.html#licenseText
GNU Free Documentation License v1.3 only,GFDL-1.3-only,FSF Libre,NON-OSI Approved,,Complete license text is available at https://spdx.org/licenses/GFDL-1.3-only.html#licenseText
GNU Free Documentation License v1.3 or later,GFDL-1.3-or-later,FSF Libre,NON-OSI Approved,,Complete license text is available at https://spdx.org/licenses/GFDL-1.3-or-later.html#licenseText
Giftware License,Giftware,NON-FSF Libre,NON-OSI Approved,,Complete license text is available at https://spdx.org/licenses/Giftware.html#licenseText
GL2PS License,GL2PS,NON-FSF Libre,NON-OSI Approved,,Complete license text is available at https://spdx.org/licenses/GL2PS.html#licenseText
3dfx Glide License,Glide,NON-FSF Libre,NON-OSI Approved,,Complete license text is available at https://spdx.org/licenses/Glide.html#licenseText
Glulxe License,Glulxe,NON-FSF Libre,NON-OSI Approved,,Complete license text is available at https://spdx.org/licenses/Glulxe.html#licenseText
gnuplot License,gnuplot,FSF Libre,NON-OSI Approved,,Complete license text is available at https://spdx.org/licenses/gnuplot.html#licenseText
GNU General Public License v1.0 only,GPL-1.0-only,NON-FSF Libre,NON-OSI Approved,,Complete license text is available at https://spdx.org/licenses/GPL-1.0-only.html#licenseText
GNU General Public License v1.0 or later,GPL-1.0-or-later,NON-FSF Libre,NON-OSI Approved,,Complete license text is available at https://spdx.org/licenses/GPL-1.0-or-later.html#licenseText
GNU General Public License v2.0 only,GPL-2.0-only,FSF Libre,OSI Approved,,Complete license text is available at https://spdx.org/licenses/GPL-2.0-only.html#licenseText
GNU General Public License v2.0 or later,GPL-2.0-or-later,FSF Libre,OSI Approved,,Complete license text is available at https://spdx.org/licenses/GPL-2.0-or-later.html#licenseText
GNU General Public License v3.0 only,GPL-3.0-only,FSF Libre,OSI Approved,,Complete license text is available at https://spdx.org/licenses/GPL-3.0-only.html#licenseText
GNU General Public License v3.0 or later,GPL-3.0-or-later,FSF Libre,OSI Approved,,Complete license text is available at https://spdx.org/licenses/GPL-3.0-or-later.html#licenseText
gSOAP Public License v1.3b,gSOAP-1.3b,NON-FSF Libre,NON-OSI Approved,,Complete license text is available at https://spdx.org/licenses/gSOAP-1.3b.html#licenseText
Haskell Language Report License,HaskellReport,NON-FSF Libre,NON-OSI Approved,,Complete license text is available at https://spdx.org/licenses/HaskellReport.html#licenseText
Historical Permission Notice and Disclaimer,HPND,FSF Libre,OSI Approved,,Complete license text is available at https://spdx.org/licenses/HPND.html#licenseText
IBM PowerPC Initialization and Boot Software,IBM-pibs,NON-FSF Libre,NON-OSI Approved,,Complete license text is available at https://spdx.org/licenses/IBM-pibs.html#licenseText
ICU License,ICU,NON-FSF Libre,NON-OSI Approved,,Complete license text is available at https://spdx.org/licenses/ICU.html#licenseText
Independent JPEG Group License,IJG,FSF Libre,NON-OSI Approved,,Complete license text is available at https://spdx.org/licenses/IJG.html#licenseText
ImageMagick License,ImageMagick,NON-FSF Libre,NON-OSI Approved,,Complete license text is available at https://spdx.org/licenses/ImageMagick.html#licenseText
iMatix Standard Function Library Agreement,iMatix,FSF Libre,NON-OSI Approved,,Complete license text is available at https://spdx.org/licenses/iMatix.html#licenseText
Imlib2 License,Imlib2,FSF Libre,NON-OSI Approved,,Complete license text is available at https://spdx.org/licenses/Imlib2.html#licenseText
Info-ZIP License,Info-ZIP,NON-FSF Libre,NON-OSI Approved,,Complete license text is available at https://spdx.org/licenses/Info-ZIP.html#licenseText
Intel ACPI Software License Agreement,Intel-ACPI,NON-FSF Libre,NON-OSI Approved,,Complete license text is available at https://spdx.org/licenses/Intel-ACPI.html#licenseText
Intel Open Source License,Intel,FSF Libre,OSI Approved,,Complete license text is available at https://spdx.org/licenses/Intel.html#licenseText
Interbase Public License v1.0,Interbase-1.0,NON-FSF Libre,NON-OSI Approved,,Complete license text is available at https://spdx.org/licenses/Interbase-1.0.html#licenseText
IPA Font License,IPA,FSF Libre,OSI Approved,,Complete license text is available at https://spdx.org/licenses/IPA.html#licenseText
IBM Public License v1.0,IPL-1.0,FSF Libre,OSI Approved,,Complete license text is available at https://spdx.org/licenses/IPL-1.0.html#licenseText
ISC License,ISC,FSF Libre,OSI Approved,,Complete license text is available at https://spdx.org/licenses/ISC.html#licenseText
JasPer License,JasPer-2.0,NON-FSF Libre,NON-OSI Approved,,Complete license text is available at https://spdx.org/licenses/JasPer-2.0.html#licenseText
JSON License,JSON,NON-FSF Libre,NON-OSI Approved,,Complete license text is available at https://spdx.org/licenses/JSON.html#licenseText
Licence Art Libre 1.2,LAL-1.2,NON-FSF Libre,NON-OSI Approved,,Complete license text is available at https://spdx.org/licenses/LAL-1.2.html#licenseText
Licence Art Libre 1.3,LAL-1.3,NON-FSF Libre,NON-OSI Approved,,Complete license text is available at https://spdx.org/licenses/LAL-1.3.html#licenseText
Latex2e License,Latex2e,NON-FSF Libre,NON-OSI Approved,,Complete license text is available at https://spdx.org/licenses/Latex2e.html#licenseText
Leptonica License,Leptonica,NON-FSF Libre,NON-OSI Approved,,Complete license text is available at https://spdx.org/licenses/Leptonica.html#licenseText
GNU Library General Public License v2 only,LGPL-2.0-only,NON-FSF Libre,OSI Approved,,Complete license text is available at https://spdx.org/licenses/LGPL-2.0-only.html#licenseText
GNU Library General Public License v2 or later,LGPL-2.0-or-later,NON-FSF Libre,OSI Approved,,Complete license text is available at https://spdx.org/licenses/LGPL-2.0-or-later.html#licenseText
GNU Lesser General Public License v2.1 only,LGPL-2.1-only,FSF Libre,OSI Approved,,Complete license text is available at https://spdx.org/licenses/LGPL-2.1-only.html#licenseText
GNU Lesser General Public License v2.1 or later,LGPL-2.1-or-later,FSF Libre,OSI Approved,,Complete license text is available at https://spdx.org/licenses/LGPL-2.1-or-later.html#licenseText
GNU Lesser General Public License v3.0 only,LGPL-3.0-only,FSF Libre,OSI Approved,,Complete license text is available at https://spdx.org/licenses/LGPL-3.0-only.html#licenseText
GNU Lesser General Public License v3.0 or later,LGPL-3.0-or-later,FSF Libre,OSI Approved,,Complete license text is available at https://spdx.org/licenses/LGPL-3.0-or-later.html#licenseText
Lesser General Public License For Linguistic Resources,LGPLLR,NON-FSF Libre,NON-OSI Approved,,Complete license text is available at https://spdx.org/licenses/LGPLLR.html#licenseText
libpng License,Libpng,NON-FSF Libre,NON-OSI Approved,,Complete license text is available at https://spdx.org/licenses/Libpng.html#licenseText
libtiff License,libtiff,NON-FSF Libre,NON-OSI Approved,,Complete license text is available at https://spdx.org/licenses/libtiff.html#licenseText
Licence Libre du Québec – Permissive version 1.1,LiLiQ-P-1.1,NON-FSF Libre,OSI Approved,,Complete license text is available at https://spdx.org/licenses/LiLiQ-P-1.1.html#licenseText
Licence Libre du Québec – Réciprocité version 1.1,LiLiQ-R-1.1,NON-FSF Libre,OSI Approved,,Complete license text is available at https://spdx.org/licenses/LiLiQ-R-1.1.html#licenseText
Licence Libre du Québec – Réciprocité forte version 1.1,LiLiQ-Rplus-1.1,NON-FSF Libre,OSI Approved,,Complete license text is available at https://spdx.org/licenses/LiLiQ-Rplus-1.1.html#licenseText
Linux Kernel Variant of OpenIB.org license,Linux-OpenIB,NON-FSF Libre,NON-OSI Approved,,Complete license text is available at https://spdx.org/licenses/Linux-OpenIB.html#licenseText
Lucent Public License Version 1.0,LPL-1.0,NON-FSF Libre,OSI Approved,,Complete license text is available at https://spdx.org/licenses/LPL-1.0.html#licenseText
Lucent Public License v1.02,LPL-1.02,FSF Libre,OSI Approved,,Complete license text is available at https://spdx.org/licenses/LPL-1.02.html#licenseText
LaTeX Project Public License v1.0,LPPL-1.0,NON-FSF Libre,NON-OSI Approved,,Complete license text is available at https://spdx.org/licenses/LPPL-1.0.html#licenseText
LaTeX Project Public License v1.1,LPPL-1.1,NON-FSF Libre,NON-OSI Approved,,Complete license text is available at https://spdx.org/licenses/LPPL-1.1.html#licenseText
LaTeX Project Public License v1.2,LPPL-1.2,FSF Libre,NON-OSI Approved,,Complete license text is available at https://spdx.org/licenses/LPPL-1.2.html#licenseText
LaTeX Project Public License v1.3a,LPPL-1.3a,FSF Libre,NON-OSI Approved,,Complete license text is available at https://spdx.org/licenses/LPPL-1.3a.html#licenseText
LaTeX Project Public License v1.3c,LPPL-1.3c,NON-FSF Libre,OSI Approved,,Complete license text is available at https://spdx.org/licenses/LPPL-1.3c.html#licenseText
MakeIndex License,MakeIndex,NON-FSF Libre,NON-OSI Approved,,Complete license text is available at https://spdx.org/licenses/MakeIndex.html#licenseText
MirOS License,MirOS,NON-FSF Libre,OSI Approved,,Complete license text is available at https://spdx.org/licenses/MirOS.html#licenseText
MIT No Attribution,MIT-0,NON-FSF Libre,OSI Approved,,Complete license text is available at https://spdx.org/licenses/MIT-0.html#licenseText
Enlightenment License (e16),MIT-advertising,NON-FSF Libre,NON-OSI Approved,,Complete license text is available at https://spdx.org/licenses/MIT-advertising.html#licenseText
CMU License,MIT-CMU,NON-FSF Libre,NON-OSI Approved,,Complete license text is available at https://spdx.org/licenses/MIT-CMU.html#licenseText
enna License,MIT-enna,NON-FSF Libre,NON-OSI Approved,,Complete license text is available at https://spdx.org/licenses/MIT-enna.html#licenseText
feh License,MIT-feh,NON-FSF Libre,NON-OSI Approved,,Complete license text is available at https://spdx.org/licenses/MIT-feh.html#licenseText
MIT License,MIT,FSF Libre,OSI Approved,,Complete license text is available at https://spdx.org/licenses/MIT.html#licenseText
MIT +no-false-attribs license,MITNFA,NON-FSF Libre,NON-OSI Approved,,Complete license text is available at https://spdx.org/licenses/MITNFA.html#licenseText
Motosoto License,Motosoto,NON-FSF Libre,OSI Approved,,Complete license text is available at https://spdx.org/licenses/Motosoto.html#licenseText
mpich2 License,mpich2,NON-FSF Libre,NON-OSI Approved,,Complete license text is available at https://spdx.org/licenses/mpich2.html#licenseText
Mozilla Public License 1.0,MPL-1.0,NON-FSF Libre,OSI Approved,,Complete license text is available at https://spdx.org/licenses/MPL-1.0.html#licenseText
Mozilla Public License 1.1,MPL-1.1,FSF Libre,OSI Approved,,Complete license text is available at https://spdx.org/licenses/MPL-1.1.html#licenseText
Mozilla Public License 2.0 (no copyleft exception),MPL-2.0-no-copyleft-exception,NON-FSF Libre,OSI Approved,,Complete license text is available at https://spdx.org/licenses/MPL-2.0-no-copyleft-exception.html#licenseText
Mozilla Public License 2.0,MPL-2.0,FSF Libre,OSI Approved,,Complete license text is available at https://spdx.org/licenses/MPL-2.0.html#licenseText
Microsoft Public License,MS-PL,FSF Libre,OSI Approved,,Complete license text is available at https://spdx.org/licenses/MS-PL.html#licenseText
Microsoft Reciprocal License,MS-RL,FSF Libre,OSI Approved,,Complete license text is available at https://spdx.org/licenses/MS-RL.html#licenseText
Matrix Template Library License,MTLL,NON-FSF Libre,NON-OSI Approved,,Complete license text is available at https://spdx.org/licenses/MTLL.html#licenseText
Multics License,Multics,NON-FSF Libre,OSI Approved,,Complete license text is available at https://spdx.org/licenses/Multics.html#licenseText
Mup License,Mup,NON-FSF Libre,NON-OSI Approved,,Complete license text is available at https://spdx.org/licenses/Mup.html#licenseText
NASA Open Source Agreement 1.3,NASA-1.3,NON-FSF Libre,OSI Approved,,Complete license text is available at https://spdx.org/licenses/NASA-1.3.html#licenseText
Naumen Public License,Naumen,NON-FSF Libre,OSI Approved,,Complete license text is available at https://spdx.org/licenses/Naumen.html#licenseText
Net Boolean Public License v1,NBPL-1.0,NON-FSF Libre,NON-OSI Approved,,Complete license text is available at https://spdx.org/licenses/NBPL-1.0.html#licenseText
University of Illinois/NCSA Open Source License,NCSA,FSF Libre,OSI Approved,,Complete license text is available at https://spdx.org/licenses/NCSA.html#licenseText
Net-SNMP License,Net-SNMP,NON-FSF Libre,NON-OSI Approved,,Complete license text is available at https://spdx.org/licenses/Net-SNMP.html#licenseText
NetCDF license,NetCDF,NON-FSF Libre,NON-OSI Approved,,Complete license text is available at https://spdx.org/licenses/NetCDF.html#licenseText
Newsletr License,Newsletr,NON-FSF Libre,NON-OSI Approved,,Complete license text is available at https://spdx.org/licenses/Newsletr.html#licenseText
Nethack General Public License,NGPL,NON-FSF Libre,OSI Approved,,Complete license text is available at https://spdx.org/licenses/NGPL.html#licenseText
Norwegian Licence for Open Government Data,NLOD-1.0,NON-FSF Libre,NON-OSI Approved,,Complete license text is available at https://spdx.org/licenses/NLOD-1.0.html#licenseText
No Limit Public License,NLPL,NON-FSF Libre,NON-OSI Approved,,Complete license text is available at https://spdx.org/licenses/NLPL.html#licenseText
Nokia Open Source License,Nokia,FSF Libre,OSI Approved,,Complete license text is available at https://spdx.org/licenses/Nokia.html#licenseText
Netizen Open Source License,NOSL,FSF Libre,NON-OSI Approved,,Complete license text is available at https://spdx.org/licenses/NOSL.html#licenseText
Noweb License,Noweb,NON-FSF Libre,NON-OSI Approved,,Complete license text is available at https://spdx.org/licenses/Noweb.html#licenseText
Netscape Public License v1.0,NPL-1.0,FSF Libre,NON-OSI Approved,,Complete license text is available at https://spdx.org/licenses/NPL-1.0.html#licenseText
Netscape Public License v1.1,NPL-1.1,FSF Libre,NON-OSI Approved,,Complete license text is available at https://spdx.org/licenses/NPL-1.1.html#licenseText
Non-Profit Open Software License 3.0,NPOSL-3.0,NON-FSF Libre,OSI Approved,,Complete license text is available at https://spdx.org/licenses/NPOSL-3.0.html#licenseText
NRL License,NRL,NON-FSF Libre,NON-OSI Approved,,Complete license text is available at https://spdx.org/licenses/NRL.html#licenseText
NTP License,NTP,NON-FSF Libre,OSI Approved,,Complete license text is available at https://spdx.org/licenses/NTP.html#licenseText
Open CASCADE Technology Public License,OCCT-PL,NON-FSF Libre,NON-OSI Approved,,Complete license text is available at https://spdx.org/licenses/OCCT-PL.html#licenseText
OCLC Research Public License 2.0,OCLC-2.0,NON-FSF Libre,OSI Approved,,Complete license text is available at https://spdx.org/licenses/OCLC-2.0.html#licenseText
ODC Open Database License v1.0,ODbL-1.0,FSF Libre,NON-OSI Approved,,Complete license text is available at https://spdx.org/licenses/ODbL-1.0.html#licenseText
Open Data Commons Attribution License v1.0,ODC-By-1.0,NON-FSF Libre,NON-OSI Approved,,Complete license text is available at https://spdx.org/licenses/ODC-By-1.0.html#licenseText
SIL Open Font License 1.0,OFL-1.0,FSF Libre,NON-OSI Approved,,Complete license text is available at https://spdx.org/licenses/OFL-1.0.html#licenseText
SIL Open Font License 1.1,OFL-1.1,FSF Libre,OSI Approved,,Complete license text is available at https://spdx.org/licenses/OFL-1.1.html#licenseText
Open Group Test Suite License,OGTSL,NON-FSF Libre,OSI Approved,,Complete license text is available at https://spdx.org/licenses/OGTSL.html#licenseText
Open LDAP Public License v1.1,OLDAP-1.1,NON-FSF Libre,NON-OSI Approved,,Complete license text is available at https://spdx.org/licenses/OLDAP-1.1.html#licenseText
Open LDAP Public License v1.2,OLDAP-1.2,NON-FSF Libre,NON-OSI Approved,,Complete license text is available at https://spdx.org/licenses/OLDAP-1.2.html#licenseText
Open LDAP Public License v1.3,OLDAP-1.3,NON-FSF Libre,NON-OSI Approved,,Complete license text is available at https://spdx.org/licenses/OLDAP-1.3.html#licenseText
Open LDAP Public License v1.4,OLDAP-1.4,NON-FSF Libre,NON-OSI Approved,,Complete license text is available at https://spdx.org/licenses/OLDAP-1.4.html#licenseText
Open LDAP Public License v2.0.1,OLDAP-2.0.1,NON-FSF Libre,NON-OSI Approved,,Complete license text is available at https://spdx.org/licenses/OLDAP-2.0.1.html#licenseText
Open LDAP Public License v2.0 (or possibly 2.0A and 2.0B),OLDAP-2.0,NON-FSF Libre,NON-OSI Approved,,Complete license text is available at https://spdx.org/licenses/OLDAP-2.0.html#licenseText
Open LDAP Public License v2.1,OLDAP-2.1,NON-FSF Libre,NON-OSI Approved,,Complete license text is available at https://spdx.org/licenses/OLDAP-2.1.html#licenseText
Open LDAP Public License v2.2.1,OLDAP-2.2.1,NON-FSF Libre,NON-OSI Approved,,Complete license text is available at https://spdx.org/licenses/OLDAP-2.2.1.html#licenseText
Open LDAP Public License 2.2.2,OLDAP-2.2.2,NON-FSF Libre,NON-OSI Approved,,Complete license text is available at https://spdx.org/licenses/OLDAP-2.2.2.html#licenseText
Open LDAP Public License v2.2,OLDAP-2.2,NON-FSF Libre,NON-OSI Approved,,Complete license text is available at https://spdx.org/licenses/OLDAP-2.2.html#licenseText
Open LDAP Public License v2.3,OLDAP-2.3,FSF Libre,NON-OSI Approved,,Complete license text is available at https://spdx.org/licenses/OLDAP-2.3.html#licenseText
Open LDAP Public License v2.4,OLDAP-2.4,NON-FSF Libre,NON-OSI Approved,,Complete license text is available at https://spdx.org/licenses/OLDAP-2.4.html#licenseText
Open LDAP Public License v2.5,OLDAP-2.5,NON-FSF Libre,NON-OSI Approved,,Complete license text is available at https://spdx.org/licenses/OLDAP-2.5.html#licenseText
Open LDAP Public License v2.6,OLDAP-2.6,NON-FSF Libre,NON-OSI Approved,,Complete license text is available at https://spdx.org/licenses/OLDAP-2.6.html#licenseText
Open LDAP Public License v2.7,OLDAP-2.7,FSF Libre,NON-OSI Approved,,Complete license text is available at https://spdx.org/licenses/OLDAP-2.7.html#licenseText
Open LDAP Public License v2.8,OLDAP-2.8,NON-FSF Libre,NON-OSI Approved,,Complete license text is available at https://spdx.org/licenses/OLDAP-2.8.html#licenseText
Open Market License,OML,NON-FSF Libre,NON-OSI Approved,,Complete license text is available at https://spdx.org/licenses/OML.html#licenseText
OpenSSL License,OpenSSL,FSF Libre,NON-OSI Approved,,Complete license text is available at https://spdx.org/licenses/OpenSSL.html#licenseText
Open Public License v1.0,OPL-1.0,NON-FSF Libre,NON-OSI Approved,,Complete license text is available at https://spdx.org/licenses/OPL-1.0.html#licenseText
OSET Public License version 2.1,OSET-PL-2.1,NON-FSF Libre,OSI Approved,,Complete license text is available at https://spdx.org/licenses/OSET-PL-2.1.html#licenseText
Open Software License 1.0,OSL-1.0,FSF Libre,OSI Approved,,Complete license text is available at https://spdx.org/licenses/OSL-1.0.html#licenseText
Open Software License 1.1,OSL-1.1,FSF Libre,NON-OSI Approved,,Complete license text is available at https://spdx.org/licenses/OSL-1.1.html#licenseText
Open Software License 2.0,OSL-2.0,FSF Libre,OSI Approved,,Complete license text is available at https://spdx.org/licenses/OSL-2.0.html#licenseText
Open Software License 2.1,OSL-2.1,FSF Libre,OSI Approved,,Complete license text is available at https://spdx.org/licenses/OSL-2.1.html#licenseText
Open Software License 3.0,OSL-3.0,FSF Libre,OSI Approved,,Complete license text is available at https://spdx.org/licenses/OSL-3.0.html#licenseText
ODC Public Domain Dedication & License 1.0,PDDL-1.0,NON-FSF Libre,NON-OSI Approved,,Complete license text is available at https://spdx.org/licenses/PDDL-1.0.html#licenseText
PHP License v3.0,PHP-3.0,NON-FSF Libre,OSI Approved,,Complete license text is available at https://spdx.org/licenses/PHP-3.0.html#licenseText
PHP License v3.01,PHP-3.01,FSF Libre,NON-OSI Approved,,Complete license text is available at https://spdx.org/licenses/PHP-3.01.html#licenseText
Plexus Classworlds License,Plexus,NON-FSF Libre,NON-OSI Approved,,Complete license text is available at https://spdx.org/licenses/Plexus.html#licenseText
PostgreSQL License,PostgreSQL,NON-FSF Libre,OSI Approved,,Complete license text is available at https://spdx.org/licenses/PostgreSQL.html#licenseText
psfrag License,psfrag,NON-FSF Libre,NON-OSI Approved,,Complete license text is available at https://spdx.org/licenses/psfrag.html#licenseText
psutils License,psutils,NON-FSF Libre,NON-OSI Approved,,Complete license text is available at https://spdx.org/licenses/psutils.html#licenseText
Python License 2.0,Python-2.0,FSF Libre,OSI Approved,,Complete license text is available at https://spdx.org/licenses/Python-2.0.html#licenseText
Qhull License,Qhull,NON-FSF Libre,NON-OSI Approved,,Complete license text is available at https://spdx.org/licenses/Qhull.html#licenseText
Q Public License 1.0,QPL-1.0,FSF Libre,OSI Approved,,Complete license text is available at https://spdx.org/licenses/QPL-1.0.html#licenseText
Rdisc License,Rdisc,NON-FSF Libre,NON-OSI Approved,,Complete license text is available at https://spdx.org/licenses/Rdisc.html#licenseText
Red Hat eCos Public License v1.1,RHeCos-1.1,NON-FSF Libre,NON-OSI Approved,,Complete license text is available at https://spdx.org/licenses/RHeCos-1.1.html#licenseText
Reciprocal Public License 1.1,RPL-1.1,NON-FSF Libre,OSI Approved,,Complete license text is available at https://spdx.org/licenses/RPL-1.1.html#licenseText
Reciprocal Public License 1.5,RPL-1.5,NON-FSF Libre,OSI Approved,,Complete license text is available at https://spdx.org/licenses/RPL-1.5.html#licenseText
RealNetworks Public Source License v1.0,RPSL-1.0,FSF Libre,OSI Approved,,Complete license text is available at https://spdx.org/licenses/RPSL-1.0.html#licenseText
RSA Message-Digest License ,RSA-MD,NON-FSF Libre,NON-OSI Approved,,Complete license text is available at https://spdx.org/licenses/RSA-MD.html#licenseText
Ricoh Source Code Public License,RSCPL,NON-FSF Libre,OSI Approved,,Complete license text is available at https://spdx.org/licenses/RSCPL.html#licenseText
Ruby License,Ruby,FSF Libre,NON-OSI Approved,,Complete license text is available at https://spdx.org/licenses/Ruby.html#licenseText
Sax Public Domain Notice,SAX-PD,NON-FSF Libre,NON-OSI Approved,,Complete license text is available at https://spdx.org/licenses/SAX-PD.html#licenseText
Saxpath License,Saxpath,NON-FSF Libre,NON-OSI Approved,,Complete license text is available at https://spdx.org/licenses/Saxpath.html#licenseText
SCEA Shared Source License,SCEA,NON-FSF Libre,NON-OSI Approved,,Complete license text is available at https://spdx.org/licenses/SCEA.html#licenseText
Sendmail License,Sendmail,NON-FSF Libre,NON-OSI Approved,,Complete license text is available at https://spdx.org/licenses/Sendmail.html#licenseText
SGI Free Software License B v1.0,SGI-B-1.0,NON-FSF Libre,NON-OSI Approved,,Complete license text is available at https://spdx.org/licenses/SGI-B-1.0.html#licenseText
SGI Free Software License B v1.1,SGI-B-1.1,NON-FSF Libre,NON-OSI Approved,,Complete license text is available at https://spdx.org/licenses/SGI-B-1.1.html#licenseText
SGI Free Software License B v2.0,SGI-B-2.0,FSF Libre,NON-OSI Approved,,Complete license text is available at https://spdx.org/licenses/SGI-B-2.0.html#licenseText
Simple Public License 2.0,SimPL-2.0,NON-FSF Libre,OSI Approved,,Complete license text is available at https://spdx.org/licenses/SimPL-2.0.html#licenseText
Sun Industry Standards Source License v1.2,SISSL-1.2,NON-FSF Libre,NON-OSI Approved,,Complete license text is available at https://spdx.org/licenses/SISSL-1.2.html#licenseText
Sun Industry Standards Source License v1.1,SISSL,FSF Libre,OSI Approved,,Complete license text is available at https://spdx.org/licenses/SISSL.html#licenseText
Sleepycat License,Sleepycat,FSF Libre,OSI Approved,,Complete license text is available at https://spdx.org/licenses/Sleepycat.html#licenseText
Standard ML of New Jersey License,SMLNJ,FSF Libre,NON-OSI Approved,,Complete license text is available at https://spdx.org/licenses/SMLNJ.html#licenseText
Secure Messaging Protocol Public License,SMPPL,NON-FSF Libre,NON-OSI Approved,,Complete license text is available at https://spdx.org/licenses/SMPPL.html#licenseText
SNIA Public License 1.1,SNIA,NON-FSF Libre,NON-OSI Approved,,Complete license text is available at https://spdx.org/licenses/SNIA.html#licenseText
Spencer License 86,Spencer-86,NON-FSF Libre,NON-OSI Approved,,Complete license text is available at https://spdx.org/licenses/Spencer-86.html#licenseText
Spencer License 94,Spencer-94,NON-FSF Libre,NON-OSI Approved,,Complete license text is available at https://spdx.org/licenses/Spencer-94.html#licenseText
Spencer License 99,Spencer-99,NON-FSF Libre,NON-OSI Approved,,Complete license text is available at https://spdx.org/licenses/Spencer-99.html#licenseText
Sun Public License v1.0,SPL-1.0,FSF Libre,OSI Approved,,Complete license text is available at https://spdx.org/licenses/SPL-1.0.html#licenseText
SugarCRM Public License v1.1.3,SugarCRM-1.1.3,NON-FSF Libre,NON-OSI Approved,,Complete license text is available at https://spdx.org/licenses/SugarCRM-1.1.3.html#licenseText
Scheme Widget Library (SWL) Software License Agreement,SWL,NON-FSF Libre,NON-OSI Approved,,Complete license text is available at https://spdx.org/licenses/SWL.html#licenseText
TCL/TK License,TCL,NON-FSF Libre,NON-OSI Approved,,Complete license text is available at https://spdx.org/licenses/TCL.html#licenseText
TCP Wrappers License,TCP-wrappers,NON-FSF Libre,NON-OSI Approved,,Complete license text is available at https://spdx.org/licenses/TCP-wrappers.html#licenseText
TMate Open Source License,TMate,NON-FSF Libre,NON-OSI Approved,,Complete license text is available at https://spdx.org/licenses/TMate.html#licenseText
TORQUE v2.5+ Software License v1.1,TORQUE-1.1,NON-FSF Libre,NON-OSI Approved,,Complete license text is available at https://spdx.org/licenses/TORQUE-1.1.html#licenseText
Trusster Open Source License,TOSL,NON-FSF Libre,NON-OSI Approved,,Complete license text is available at https://spdx.org/licenses/TOSL.html#licenseText
Technische Universitaet Berlin License 1.0,TU-Berlin-1.0,NON-FSF Libre,NON-OSI Approved,,Complete license text is available at https://spdx.org/licenses/TU-Berlin-1.0.html#licenseText
Technische Universitaet Berlin License 2.0,TU-Berlin-2.0,NON-FSF Libre,NON-OSI Approved,,Complete license text is available at https://spdx.org/licenses/TU-Berlin-2.0.html#licenseText
Unicode License Agreement - Data Files and Software (2015),Unicode-DFS-2015,NON-FSF Libre,NON-OSI Approved,,Complete license text is available at https://spdx.org/licenses/Unicode-DFS-2015.html#licenseText
Unicode License Agreement - Data Files and Software (2016),Unicode-DFS-2016,NON-FSF Libre,NON-OSI Approved,,Complete license text is available at https://spdx.org/licenses/Unicode-DFS-2016.html#licenseText
Unicode Terms of Use,Unicode-TOU,NON-FSF Libre,NON-OSI Approved,,Complete license text is available at https://spdx.org/licenses/Unicode-TOU.html#licenseText
The Unlicense,Unlicense,FSF Libre,NON-OSI Approved,,Complete license text is available at https://spdx.org/licenses/Unlicense.html#licenseText
Universal Permissive License v1.0,UPL-1.0,FSF Libre,OSI Approved,,Complete license text is available at https://spdx.org/licenses/UPL-1.0.html#licenseText
Vim License,Vim,FSF Libre,NON-OSI Approved,,Complete license text is available at https://spdx.org/licenses/Vim.html#licenseText
VOSTROM Public License for Open Source,VOSTROM,NON-FSF Libre,NON-OSI Approved,,Complete license text is available at https://spdx.org/licenses/VOSTROM.html#licenseText
Vovida Software License v1.0,VSL-1.0,NON-FSF Libre,OSI Approved,,Complete license text is available at https://spdx.org/licenses/VSL-1.0.html#licenseText
W3C Software Notice and License (1998-07-20),W3C-19980720,NON-FSF Libre,NON-OSI Approved,,Complete license text is available at https://spdx.org/licenses/W3C-19980720.html#licenseText
W3C Software Notice and Document License (2015-05-13),W3C-20150513,NON-FSF Libre,NON-OSI Approved,,Complete license text is available at https://spdx.org/licenses/W3C-20150513.html#licenseText
W3C Software Notice and License (2002-12-31),W3C,FSF Libre,OSI Approved,,Complete license text is available at https://spdx.org/licenses/W3C.html#licenseText
Sybase Open Watcom Public License 1.0,Watcom-1.0,NON-FSF Libre,OSI Approved,,Complete license text is available at https://spdx.org/licenses/Watcom-1.0.html#licenseText
Wsuipa License,Wsuipa,NON-FSF Libre,NON-OSI Approved,,Complete license text is available at https://spdx.org/licenses/Wsuipa.html#licenseText
Do What The F*ck You Want To Public License,WTFPL,FSF Libre,NON-OSI Approved,,Complete license text is available at https://spdx.org/licenses/WTFPL.html#licenseText
X11 License,X11,FSF Libre,NON-OSI Approved,,Complete license text is available at https://spdx.org/licenses/X11.html#licenseText
Xerox License,Xerox,NON-FSF Libre,NON-OSI Approved,,Complete license text is available at https://spdx.org/licenses/Xerox.html#licenseText
XFree86 License 1.1,XFree86-1.1,FSF Libre,NON-OSI Approved,,Complete license text is available at https://spdx.org/licenses/XFree86-1.1.html#licenseText
xinetd License,xinetd,FSF Libre,NON-OSI Approved,,Complete license text is available at https://spdx.org/licenses/xinetd.html#licenseText
X.Net License,Xnet,NON-FSF Libre,OSI Approved,,Complete license text is available at https://spdx.org/licenses/Xnet.html#licenseText
XPP License,xpp,NON-FSF Libre,NON-OSI Approved,,Complete license text is available at https://spdx.org/licenses/xpp.html#licenseText
XSkat License,XSkat,NON-FSF Libre,NON-OSI Approved,,Complete license text is available at https://spdx.org/licenses/XSkat.html#licenseText
Yahoo! Public License v1.0,YPL-1.0,NON-FSF Libre,NON-OSI Approved,,Complete license text is available at https://spdx.org/licenses/YPL-1.0.html#licenseText
Yahoo! Public License v1.1,YPL-1.1,FSF Libre,NON-OSI Approved,,Complete license text is available at https://spdx.org/licenses/YPL-1.1.html#licenseText
Zed License,Zed,NON-FSF Libre,NON-OSI Approved,,Complete license text is available at https://spdx.org/licenses/Zed.html#licenseText
Zend License v2.0,Zend-2.0,FSF Libre,NON-OSI Approved,,Complete license text is available at https://spdx.org/licenses/Zend-2.0.html#licenseText
Zimbra Public License v1.3,Zimbra-1.3,FSF Libre,NON-OSI Approved,,Complete license text is available at https://spdx.org/licenses/Zimbra-1.3.html#licenseText
Zimbra Public License v1.4,Zimbra-1.4,NON-FSF Libre,NON-OSI Approved,,Complete license text is available at https://spdx.org/licenses/Zimbra-1.4.html#licenseText
zlib/libpng License with Acknowledgement,zlib-acknowledgement,NON-FSF Libre,NON-OSI Approved,,Complete license text is available at https://spdx.org/licenses/zlib-acknowledgement.html#licenseText
zlib License,Zlib,FSF Libre,OSI Approved,,Complete license text is available at https://spdx.org/licenses/Zlib.html#licenseText
Zope Public License 1.1,ZPL-1.1,NON-FSF Libre,NON-OSI Approved,,Complete license text is available at https://spdx.org/licenses/ZPL-1.1.html#licenseText
Zope Public License 2.0,ZPL-2.0,FSF Libre,OSI Approved,,Complete license text is available at https://spdx.org/licenses/ZPL-2.0.html#licenseText
Zope Public License 2.1,ZPL-2.1,FSF Libre,NON-OSI Approved,,Complete license text is available at https://spdx.org/licenses/ZPL-2.1.html#licenseText
